{
  "percentile": 95,
  "thresholds": [
    0.8867246109748891,
    0.1987294907475888,
    0.024979530307387504,
    0.1651449816961278,
    0.20766172924022275,
    0.185435641438857,
    0.5790121291897545,
    0.550473172628967,
    0.42727169990307456,
    0.47014289469750015,
    0.9121733341277094,
    0.9047547864130899,
    0.34631219711598515,
    0.21951054328403916,
    0.6049746659318521
  ]
}