{
  "percentiles": [
    80,
    80,
    80,
    93,
    80,
    80,
    80,
    80,
    80,
    80,
    80,
    80,
    80,
    80,
    80
  ],
  "thresholds": [
    0.1681825658998539,
    0.05388103175358578,
    0.007200252248904414,
    0.14470015955267873,
    0.05641410919237365,
    0.04890492435700018,
    0.013203380455214447,
    0.04781027082485541,
    0.19374636293419625,
    0.21643838541462398,
    0.67576632548836,
    0.6766672629403161,
    0.17286497561542086,
    0.06554198174745793,
    0.19215423129357379
  ],
  "accuracy": 0.8092595782376535
}